,Code région,Nom de la région,Code département,Code arrondissement départemental,Code canton,Code_commune,Nom de la commune,Population municipale,Population comptée à part,Population totale,Année recensement,Année utilisation,Code INSEE (commune ou arrondissement),Superficie de la commune,Statut,Code INSEE de la commune,Nom de la commune IGN,Nom du département IGN,Nom de la région.1,Code EPCI,Code EPCI.1,EPCI,Année
0,4,La Réunion,974,3,31,419,Sainte-Rose,6809,71,6880,1970-01-01 00:00:00.000002008,2011,97419,178.21,Commune,97419,Sainte-Rose,LA REUNION,LA REUNION,,,,1970
1,4,La Réunion,974,2,5,405,Petite-Île,11582,109,11691,1970-01-01 00:00:00.000002009,2012,97405,33.83,Commune,97405,Petite-Île,LA REUNION,LA REUNION,,,,1970
2,4,La Réunion,974,3,6,402,Bras-Panon,12616,151,12767,1970-01-01 00:00:00.000002013,2016,97402,87.26,Commune,97402,Bras-Panon,LA REUNION,LA REUNION,249740093.0,249740093.0,CA Intercommunale de la Réunion Est,1970
3,4,La Réunion,974,3,8,419,Sainte-Rose,6782,85,6867,1970-01-01 00:00:00.000002013,2016,97419,178.21,Commune,97419,Sainte-Rose,LA REUNION,LA REUNION,249740093.0,249740093.0,CA Intercommunale de la Réunion Est,1970
4,4,La Réunion,974,3,90,410,Saint-Benoît,35733,238,35971,1970-01-01 00:00:00.000002011,2014,97410,229.79,Commune,97410,Saint-Benoît,LA REUNION,LA REUNION,,,,1970
5,4,La Réunion,974,1,30,418,Sainte-Marie,29962,360,30322,1970-01-01 00:00:00.000002011,2014,97418,88.65,Commune,97418,,,,,,,1970
6,4,La Réunion,974,3,6,402,Bras-Panon,12735,160,12895,1970-01-01 00:00:00.000002015,2018,97402,87.26,Commune,97402,Bras-Panon,LA REUNION,LA REUNION,249740093.0,249740093.0,CA Intercommunale de la Réunion Est (Cirest),1970
7,4,La Réunion,974,4,3,408,La Possession,32720,386,33106,1970-01-01 00:00:00.000002015,2018,97408,118.76,Commune,97408,,,,249740101.0,249740101.0,CA Territoire de la Côte Ouest (Tco),1970
8,4,La Réunion,974,2,22,405,Petite-Île,12143,112,12255,1970-01-01 00:00:00.000002015,2018,97405,33.83,Commune,97405,Petite-Île,LA REUNION,LA REUNION,249740077.0,249740077.0,CA Civis (Communauté Intercommunale des Villes Solidaires),1970
9,4,La Réunion,974,3,6,421,Salazie,7384,109,7493,1970-01-01 00:00:00.000002015,2018,97421,103.82,Commune,97421,Salazie,LA REUNION,LA REUNION,249740093.0,249740093.0,CA Intercommunale de la Réunion Est (Cirest),1970
10,4,La Réunion,974,1,32,420,Sainte-Suzanne,22574,180,22754,1970-01-01 00:00:00.000002011,2014,97420,57.83,Commune,97420,Sainte-Suzanne,LA REUNION,LA REUNION,,,,1970
11,4,La Réunion,974,4,97,415,Saint-Paul,103346,1472,104818,1970-01-01 00:00:00.000002010,2013,97415,240.51,Commune,97415,Saint-Paul,LA REUNION,LA REUNION,,,,1970
12,4,La Réunion,974,2,22,424,Cilaos,5796,92,5888,1970-01-01 00:00:00.000002007,2010,97424,84.4,Commune,97424,Cilaos,LA REUNION,LA REUNION,,,,1970
13,4,La Réunion,974,3,6,406,La Plaine-des-Palmistes,4713,93,4806,1970-01-01 00:00:00.000002007,2010,97406,83.05,Commune,97406,La Plaine-des-Palmistes,LA REUNION,LA REUNION,,,,1970
14,4,La Réunion,974,1,93,411,Saint-Denis,140733,1508,142241,1970-01-01 00:00:00.000002007,2010,97411,141.5,Commune,97411,Saint-Denis,LA REUNION,LA REUNION,,,,1970
15,4,La Réunion,974,2,1,401,Les Avirons,9180,149,9329,1970-01-01 00:00:00.000002006,2009,97401,26.23,Commune,97401,Les Avirons,LA REUNION,LA REUNION,,,,1970
16,4,La Réunion,974,3,7,406,La Plaine-des-Palmistes,6365,89,6454,1970-01-01 00:00:00.000002016,2019,97406,83.05,Commune,97406,La Plaine-des-Palmistes,LA REUNION,LA REUNION,249740093.0,249740093.0,CA Intercommunale de la Réunion Est (Cirest),1970
17,4,La Réunion,974,2,3,403,Entre-Deux,6176,87,6263,1970-01-01 00:00:00.000002009,2012,97403,51.37,Commune,97403,Entre-Deux,LA REUNION,LA REUNION,,,,1970
18,4,La Réunion,974,2,22,405,Petite-Île,12035,101,12136,1970-01-01 00:00:00.000002014,2017,97405,33.83,Commune,97405,Petite-Île,LA REUNION,LA REUNION,249740077.0,249740077.0,CA CIVIS (Communauté Intercommunale des Villes Solidaires),1970
19,4,La Réunion,974,2,3,403,Entre-Deux,6405,66,6471,1970-01-01 00:00:00.000002012,2015,97403,51.37,Commune,97403,Entre-Deux,LA REUNION,LA REUNION,249740085.0,249740085.0,CA du Sud,1970
20,4,La Réunion,974,4,97,415,Saint-Paul,104646,1547,106193,1970-01-01 00:00:00.000002012,2015,97415,240.51,Commune,97415,Saint-Paul,LA REUNION,LA REUNION,249740101.0,249740101.0,CA Territoire de la Côte Ouest,1970
21,4,La Réunion,974,3,90,410,Saint-Benoît,36025,301,36326,1970-01-01 00:00:00.000002012,2015,97410,229.79,Commune,97410,Saint-Benoît,LA REUNION,LA REUNION,249740093.0,249740093.0,CA Intercommunale de la Réunion Est,1970
22,4,La Réunion,974,2,99,422,Le Tampon,76090,927,77017,1970-01-01 00:00:00.000002013,2016,97422,181.02,Commune,97422,Le Tampon,LA REUNION,LA REUNION,249740085.0,249740085.0,CA du Sud,1970
23,4,La Réunion,974,2,94,412,Saint-Joseph,37608,545,38153,1970-01-01 00:00:00.000002015,2018,97412,177.85,Commune,97412,,,,249740085.0,249740085.0,CA du Sud,1970
24,4,La Réunion,974,3,6,406,La Plaine-des-Palmistes,4518,90,4608,1970-01-01 00:00:00.000002006,2009,97406,83.05,Commune,97406,La Plaine-des-Palmistes,LA REUNION,LA REUNION,,,,1970
25,4,La Réunion,974,4,91,407,Le Port,38279,285,38564,1970-01-01 00:00:00.000002008,2011,97407,16.16,Commune,97407,Le Port,LA REUNION,LA REUNION,,,,1970
26,4,La Réunion,974,4,8,408,La Possession,28798,377,29175,1970-01-01 00:00:00.000002008,2011,97408,118.76,Commune,97408,,,,,,,1970
27,4,La Réunion,974,4,2,407,Le Port,35280,354,35634,1970-01-01 00:00:00.000002015,2018,97407,16.16,Commune,97407,Le Port,LA REUNION,LA REUNION,249740101.0,249740101.0,CA Territoire de la Côte Ouest (Tco),1970
28,4,La Réunion,974,1,32,420,Sainte-Suzanne,22388,216,22604,1970-01-01 00:00:00.000002012,2015,97420,57.83,Commune,97420,Sainte-Suzanne,LA REUNION,LA REUNION,249740119.0,249740119.0,CA Intercommunale du Nord de la Réunion,1970
29,4,La Réunion,974,2,26,417,Saint-Philippe,5031,56,5087,1970-01-01 00:00:00.000002011,2014,97417,154.47,Commune,97417,Saint-Philippe,LA REUNION,LA REUNION,,,,1970
30,4,La Réunion,974,3,33,421,Salazie,7418,79,7497,1970-01-01 00:00:00.000002011,2014,97421,103.82,Commune,97421,Salazie,LA REUNION,LA REUNION,,,,1970
31,4,La Réunion,974,4,2,407,Le Port,34810,331,35141,1970-01-01 00:00:00.000002016,2019,97407,16.16,Commune,97407,Le Port,LA REUNION,LA REUNION,249740101.0,249740101.0,CA Territoire de la Côte Ouest (Tco),1970
32,4,La Réunion,974,3,92,410,Saint-Benoît,38142,324,38466,1970-01-01 00:00:00.000002016,2019,97410,229.79,Commune,97410,Saint-Benoît,LA REUNION,LA REUNION,249740093.0,249740093.0,CA Intercommunale de la Réunion Est (Cirest),1970
33,4,La Réunion,974,4,8,408,La Possession,27175,345,27520,1970-01-01 00:00:00.000002007,2010,97408,118.76,Commune,97408,,,,,,,1970
34,4,La Réunion,974,3,6,406,La Plaine-des-Palmistes,4940,96,5036,1970-01-01 00:00:00.000002008,2011,97406,83.05,Commune,97406,La Plaine-des-Palmistes,LA REUNION,LA REUNION,,,,1970
35,4,La Réunion,974,2,26,417,Saint-Philippe,5114,54,5168,1970-01-01 00:00:00.000002008,2011,97417,154.47,Commune,97417,Saint-Philippe,LA REUNION,LA REUNION,,,,1970
36,4,La Réunion,974,2,94,412,Saint-Joseph,33509,464,33973,1970-01-01 00:00:00.000002006,2009,97412,177.85,Commune,97412,,,,,,,1970
37,4,La Réunion,974,2,99,422,Le Tampon,73365,809,74174,1970-01-01 00:00:00.000002010,2013,97422,181.02,Commune,97422,Le Tampon,LA REUNION,LA REUNION,,,,1970
38,4,La Réunion,974,4,95,413,Saint-Leu,32971,469,33440,1970-01-01 00:00:00.000002012,2015,97413,118.08,Commune,97413,Saint-Leu,LA REUNION,LA REUNION,249740101.0,249740101.0,CA Territoire de la Côte Ouest,1970
39,4,La Réunion,974,4,91,407,Le Port,37558,255,37813,1970-01-01 00:00:00.000002011,2014,97407,16.16,Commune,97407,Le Port,LA REUNION,LA REUNION,,,,1970
40,4,La Réunion,974,2,1,404,L' Étang-Salé,14103,210,14313,1970-01-01 00:00:00.000002014,2017,97404,38.43,Commune,97404,L'Étang-Salé,LA REUNION,LA REUNION,249740077.0,249740077.0,CA CIVIS (Communauté Intercommunale des Villes Solidaires),1970
41,4,La Réunion,974,2,22,424,Cilaos,5994,96,6090,1970-01-01 00:00:00.000002008,2011,97424,84.4,Commune,97424,Cilaos,LA REUNION,LA REUNION,,,,1970
42,4,La Réunion,974,2,4,404,L' Étang-Salé,13484,206,13690,1970-01-01 00:00:00.000002009,2012,97404,38.43,Commune,97404,L'Étang-Salé,LA REUNION,LA REUNION,,,,1970
43,4,La Réunion,974,3,92,409,Saint-André,52956,354,53310,1970-01-01 00:00:00.000002008,2011,97409,54.28,Commune,97409,Saint-André,LA REUNION,LA REUNION,,,,1970
44,4,La Réunion,974,2,94,412,Saint-Joseph,35976,483,36459,1970-01-01 00:00:00.000002010,2013,97412,177.85,Commune,97412,,,,,,,1970
45,4,La Réunion,974,1,30,418,Sainte-Marie,29951,342,30293,1970-01-01 00:00:00.000002010,2013,97418,88.65,Commune,97418,,,,,,,1970
46,4,La Réunion,974,4,14,423,Les Trois-Bassins,7268,95,7363,1970-01-01 00:00:00.000002013,2016,97423,42.48,Commune,97423,,,,249740101.0,249740101.0,CA Territoire de la Côte Ouest,1970
47,4,La Réunion,974,2,1,401,Les Avirons,11471,213,11684,1970-01-01 00:00:00.000002016,2019,97401,26.23,Commune,97401,Les Avirons,LA REUNION,LA REUNION,249740077.0,249740077.0,CA Civis (Communauté Intercommunale des Villes Solidaires),1970
48,4,La Réunion,974,2,22,424,Cilaos,5838,98,5936,1970-01-01 00:00:00.000002006,2009,97424,84.4,Commune,97424,Cilaos,LA REUNION,LA REUNION,,,,1970
49,4,La Réunion,974,2,26,417,Saint-Philippe,5030,63,5093,1970-01-01 00:00:00.000002006,2009,97417,154.47,Commune,97417,Saint-Philippe,LA REUNION,LA REUNION,,,,1970
50,4,La Réunion,974,2,8,417,Saint-Philippe,5088,47,5135,1970-01-01 00:00:00.000002013,2016,97417,154.47,Commune,97417,Saint-Philippe,LA REUNION,LA REUNION,249740085.0,249740085.0,CA du Sud,1970
51,4,La Réunion,974,1,30,418,Sainte-Marie,31596,403,31999,1970-01-01 00:00:00.000002012,2015,97418,88.65,Commune,97418,,,,249740119.0,249740119.0,CA Intercommunale du Nord de la Réunion,1970
52,4,La Réunion,974,3,91,409,Saint-André,55730,465,56195,1970-01-01 00:00:00.000002015,2018,97409,54.28,Commune,97409,Saint-André,LA REUNION,LA REUNION,249740093.0,249740093.0,CA Intercommunale de la Réunion Est (Cirest),1970
53,4,La Réunion,974,4,97,415,Saint-Paul,105967,1497,107464,1970-01-01 00:00:00.000002015,2018,97415,240.51,Commune,97415,Saint-Paul,LA REUNION,LA REUNION,249740101.0,249740101.0,CA Territoire de la Côte Ouest (Tco),1970
54,4,La Réunion,974,1,93,411,Saint-Denis,145347,1478,146825,1970-01-01 00:00:00.000002011,2014,97411,141.5,Commune,97411,Saint-Denis,LA REUNION,LA REUNION,,,,1970
55,4,La Réunion,974,3,6,402,Bras-Panon,12722,177,12899,1970-01-01 00:00:00.000002016,2019,97402,87.26,Commune,97402,Bras-Panon,LA REUNION,LA REUNION,249740093.0,249740093.0,CA Intercommunale de la Réunion Est (Cirest),1970
56,4,La Réunion,974,4,97,415,Saint-Paul,103498,1409,104907,1970-01-01 00:00:00.000002009,2012,97415,240.51,Commune,97415,Saint-Paul,LA REUNION,LA REUNION,,,,1970
57,4,La Réunion,974,4,36,423,Les Trois-Bassins,6807,94,6901,1970-01-01 00:00:00.000002006,2009,97423,42.48,Commune,97423,,,,,,,1970
58,4,La Réunion,974,2,16,424,Cilaos,5403,86,5489,1970-01-01 00:00:00.000002016,2019,97424,84.4,Commune,97424,Cilaos,LA REUNION,LA REUNION,249740077.0,249740077.0,CA Civis (Communauté Intercommunale des Villes Solidaires),1970
59,4,La Réunion,974,2,96,414,Saint-Louis,52038,469,52507,1970-01-01 00:00:00.000002010,2013,97414,98.85,Commune,97414,Saint-Louis,LA REUNION,LA REUNION,,,,1970
60,4,La Réunion,974,1,30,418,Sainte-Marie,30367,351,30718,1970-01-01 00:00:00.000002009,2012,97418,88.65,Commune,97418,,,,,,,1970
61,4,La Réunion,974,1,4,420,Sainte-Suzanne,22209,196,22405,1970-01-01 00:00:00.000002013,2016,97420,57.83,Commune,97420,Sainte-Suzanne,LA REUNION,LA REUNION,249740119.0,249740119.0,CA Intercommunale du Nord de la Réunion,1970
62,4,La Réunion,974,2,16,403,Entre-Deux,6634,67,6701,1970-01-01 00:00:00.000002014,2017,97403,51.37,Commune,97403,Entre-Deux,LA REUNION,LA REUNION,249740085.0,249740085.0,CA du Sud,1970
63,4,La Réunion,974,3,2,402,Bras-Panon,12298,145,12443,1970-01-01 00:00:00.000002012,2015,97402,87.26,Commune,97402,Bras-Panon,LA REUNION,LA REUNION,249740093.0,249740093.0,CA Intercommunale de la Réunion Est,1970
64,4,La Réunion,974,3,92,409,Saint-André,54721,413,55134,1970-01-01 00:00:00.000002012,2015,97409,54.28,Commune,97409,Saint-André,LA REUNION,LA REUNION,249740093.0,249740093.0,CA Intercommunale de la Réunion Est,1970
65,4,La Réunion,974,3,8,419,Sainte-Rose,6520,80,6600,1970-01-01 00:00:00.000002016,2019,97419,178.21,Commune,97419,Sainte-Rose,LA REUNION,LA REUNION,249740093.0,249740093.0,CA Intercommunale de la Réunion Est (Cirest),1970
66,4,La Réunion,974,2,96,414,Saint-Louis,50131,475,50606,1970-01-01 00:00:00.000002007,2010,97414,98.85,Commune,97414,Saint-Louis,LA REUNION,LA REUNION,,,,1970
67,4,La Réunion,974,3,31,419,Sainte-Rose,6680,66,6746,1970-01-01 00:00:00.000002007,2010,97419,178.21,Commune,97419,Sainte-Rose,LA REUNION,LA REUNION,,,,1970
68,4,La Réunion,974,3,7,406,La Plaine-des-Palmistes,5741,90,5831,1970-01-01 00:00:00.000002013,2016,97406,83.05,Commune,97406,La Plaine-des-Palmistes,LA REUNION,LA REUNION,249740093.0,249740093.0,CA Intercommunale de la Réunion Est,1970
69,4,La Réunion,974,3,92,410,Saint-Benoît,36131,302,36433,1970-01-01 00:00:00.000002013,2016,97410,229.79,Commune,97410,Saint-Benoît,LA REUNION,LA REUNION,249740093.0,249740093.0,CA Intercommunale de la Réunion Est,1970
70,4,La Réunion,974,2,94,412,Saint-Joseph,37550,546,38096,1970-01-01 00:00:00.000002013,2016,97412,177.85,Commune,97412,,,,249740085.0,249740085.0,CA du Sud,1970
71,4,La Réunion,974,2,4,404,L' Étang-Salé,13266,191,13457,1970-01-01 00:00:00.000002006,2009,97404,38.43,Commune,97404,L'Étang-Salé,LA REUNION,LA REUNION,,,,1970
72,4,La Réunion,974,3,33,421,Salazie,7065,100,7165,1970-01-01 00:00:00.000002006,2009,97421,103.82,Commune,97421,Salazie,LA REUNION,LA REUNION,,,,1970
73,4,La Réunion,974,2,5,405,Petite-Île,11672,132,11804,1970-01-01 00:00:00.000002007,2010,97405,33.83,Commune,97405,Petite-Île,LA REUNION,LA REUNION,,,,1970
74,4,La Réunion,974,2,26,417,Saint-Philippe,5129,65,5194,1970-01-01 00:00:00.000002007,2010,97417,154.47,Commune,97417,Saint-Philippe,LA REUNION,LA REUNION,,,,1970
75,4,La Réunion,974,2,4,404,L' Étang-Salé,13367,188,13555,1970-01-01 00:00:00.000002008,2011,97404,38.43,Commune,97404,L'Étang-Salé,LA REUNION,LA REUNION,,,,1970
76,4,La Réunion,974,1,30,418,Sainte-Marie,30815,389,31204,1970-01-01 00:00:00.000002008,2011,97418,88.65,Commune,97418,,,,,,,1970
77,4,La Réunion,974,2,99,422,Le Tampon,72026,911,72937,1970-01-01 00:00:00.000002008,2011,97422,181.02,Commune,97422,Le Tampon,LA REUNION,LA REUNION,,,,1970
78,4,La Réunion,974,3,90,410,Saint-Benoît,34682,225,34907,1970-01-01 00:00:00.000002009,2012,97410,229.79,Commune,97410,Saint-Benoît,LA REUNION,LA REUNION,,,,1970
79,4,La Réunion,974,3,91,409,Saint-André,55628,460,56088,1970-01-01 00:00:00.000002016,2019,97409,54.28,Commune,97409,Saint-André,LA REUNION,LA REUNION,249740093.0,249740093.0,CA Intercommunale de la Réunion Est (Cirest),1970
80,4,La Réunion,974,2,22,424,Cilaos,5440,104,5544,1970-01-01 00:00:00.000002012,2015,97424,84.4,Commune,97424,Cilaos,LA REUNION,LA REUNION,249740077.0,249740077.0,CA CIVIS (Communauté Intercommunale des Villes Solidaires),1970
81,4,La Réunion,974,2,5,405,Petite-Île,11573,99,11672,1970-01-01 00:00:00.000002011,2014,97405,33.83,Commune,97405,Petite-Île,LA REUNION,LA REUNION,,,,1970
82,4,La Réunion,974,2,1,401,Les Avirons,10093,162,10255,1970-01-01 00:00:00.000002007,2010,97401,26.23,Commune,97401,Les Avirons,LA REUNION,LA REUNION,,,,1970
83,4,La Réunion,974,2,98,416,Saint-Pierre,74480,901,75381,1970-01-01 00:00:00.000002006,2009,97416,96.32,Commune,97416,Saint-Pierre,LA REUNION,LA REUNION,,,,1970
84,4,La Réunion,974,1,23,418,Sainte-Marie,32940,446,33386,1970-01-01 00:00:00.000002015,2018,97418,88.65,Commune,97418,,,,249740119.0,249740119.0,CA Intercommunale du Nord de la Réunion (Cinor),1970
85,4,La Réunion,974,2,1,401,Les Avirons,10455,153,10608,1970-01-01 00:00:00.000002009,2012,97401,26.23,Commune,97401,Les Avirons,LA REUNION,LA REUNION,,,,1970
86,4,La Réunion,974,1,93,411,Saint-Denis,145209,1499,146708,1970-01-01 00:00:00.000002009,2012,97411,141.5,Commune,97411,Saint-Denis,LA REUNION,LA REUNION,,,,1970
87,4,La Réunion,974,2,3,403,Entre-Deux,6133,91,6224,1970-01-01 00:00:00.000002010,2013,97403,51.37,Commune,97403,Entre-Deux,LA REUNION,LA REUNION,,,,1970
88,4,La Réunion,974,2,4,404,L' Étang-Salé,13647,193,13840,1970-01-01 00:00:00.000002012,2015,97404,38.43,Commune,97404,L'Étang-Salé,LA REUNION,LA REUNION,249740077.0,249740077.0,CA CIVIS (Communauté Intercommunale des Villes Solidaires),1970
89,4,La Réunion,974,4,91,407,Le Port,38418,250,38668,1970-01-01 00:00:00.000002010,2013,97407,16.16,Commune,97407,Le Port,LA REUNION,LA REUNION,,,,1970
90,4,La Réunion,974,3,2,402,Bras-Panon,11838,126,11964,1970-01-01 00:00:00.000002011,2014,97402,87.26,Commune,97402,Bras-Panon,LA REUNION,LA REUNION,,,,1970
91,4,La Réunion,974,4,97,415,Saint-Paul,103916,1523,105439,1970-01-01 00:00:00.000002011,2014,97415,240.51,Commune,97415,Saint-Paul,LA REUNION,LA REUNION,,,,1970
92,4,La Réunion,974,4,91,407,Le Port,38313,283,38596,1970-01-01 00:00:00.000002007,2010,97407,16.16,Commune,97407,Le Port,LA REUNION,LA REUNION,,,,1970
93,4,La Réunion,974,2,16,424,Cilaos,5350,88,5438,1970-01-01 00:00:00.000002015,2018,97424,84.4,Commune,97424,Cilaos,LA REUNION,LA REUNION,249740077.0,249740077.0,CA Civis (Communauté Intercommunale des Villes Solidaires),1970
94,4,La Réunion,974,3,7,406,La Plaine-des-Palmistes,6157,88,6245,1970-01-01 00:00:00.000002015,2018,97406,83.05,Commune,97406,La Plaine-des-Palmistes,LA REUNION,LA REUNION,249740093.0,249740093.0,CA Intercommunale de la Réunion Est (Cirest),1970
95,4,La Réunion,974,3,92,410,Saint-Benoît,37940,347,38287,1970-01-01 00:00:00.000002015,2018,97410,229.79,Commune,97410,Saint-Benoît,LA REUNION,LA REUNION,249740093.0,249740093.0,CA Intercommunale de la Réunion Est (Cirest),1970
96,4,La Réunion,974,1,93,411,Saint-Denis,147920,1417,149337,1970-01-01 00:00:00.000002016,2019,97411,141.5,Commune,97411,Saint-Denis,LA REUNION,LA REUNION,249740119.0,249740119.0,CA Intercommunale du Nord de la Réunion (Cinor),1970
97,4,La Réunion,974,4,95,413,Saint-Leu,33697,463,34160,1970-01-01 00:00:00.000002016,2019,97413,118.08,Commune,97413,Saint-Leu,LA REUNION,LA REUNION,249740101.0,249740101.0,CA Territoire de la Côte Ouest (Tco),1970
98,4,La Réunion,974,2,5,405,Petite-Île,11564,99,11663,1970-01-01 00:00:00.000002012,2015,97405,33.83,Commune,97405,Petite-Île,LA REUNION,LA REUNION,249740077.0,249740077.0,CA CIVIS (Communauté Intercommunale des Villes Solidaires),1970
99,4,La Réunion,974,2,99,422,Le Tampon,72658,853,73511,1970-01-01 00:00:00.000002009,2012,97422,181.02,Commune,97422,Le Tampon,LA REUNION,LA REUNION,,,,1970
100,4,La Réunion,974,2,96,414,Saint-Louis,51460,460,51920,1970-01-01 00:00:00.000002009,2012,97414,98.85,Commune,97414,Saint-Louis,LA REUNION,LA REUNION,,,,1970
101,4,La Réunion,974,2,26,417,Saint-Philippe,5100,56,5156,1970-01-01 00:00:00.000002009,2012,97417,154.47,Commune,97417,Saint-Philippe,LA REUNION,LA REUNION,,,,1970
102,4,La Réunion,974,3,33,421,Salazie,7294,72,7366,1970-01-01 00:00:00.000002008,2011,97421,103.82,Commune,97421,Salazie,LA REUNION,LA REUNION,,,,1970
103,4,La Réunion,974,4,36,423,Les Trois-Bassins,6994,97,7091,1970-01-01 00:00:00.000002008,2011,97423,42.48,Commune,97423,,,,,,,1970
104,4,La Réunion,974,2,1,401,Les Avirons,10580,150,10730,1970-01-01 00:00:00.000002010,2013,97401,26.23,Commune,97401,Les Avirons,LA REUNION,LA REUNION,,,,1970
105,4,La Réunion,974,3,2,402,Bras-Panon,11725,135,11860,1970-01-01 00:00:00.000002010,2013,97402,87.26,Commune,97402,Bras-Panon,LA REUNION,LA REUNION,,,,1970
106,4,La Réunion,974,2,98,416,Saint-Pierre,80356,888,81244,1970-01-01 00:00:00.000002011,2014,97416,96.32,Commune,97416,Saint-Pierre,LA REUNION,LA REUNION,,,,1970
107,4,La Réunion,974,2,8,417,Saint-Philippe,5115,52,5167,1970-01-01 00:00:00.000002015,2018,97417,154.47,Commune,97417,Saint-Philippe,LA REUNION,LA REUNION,249740085.0,249740085.0,CA du Sud,1970
108,4,La Réunion,974,2,96,414,Saint-Louis,53220,612,53832,1970-01-01 00:00:00.000002016,2019,97414,98.85,Commune,97414,Saint-Louis,LA REUNION,LA REUNION,249740077.0,249740077.0,CA Civis (Communauté Intercommunale des Villes Solidaires),1970
109,4,La Réunion,974,2,16,403,Entre-Deux,6519,70,6589,1970-01-01 00:00:00.000002013,2016,97403,51.37,Commune,97403,Entre-Deux,LA REUNION,LA REUNION,249740085.0,249740085.0,CA du Sud,1970
110,4,La Réunion,974,3,91,409,Saint-André,56156,415,56571,1970-01-01 00:00:00.000002013,2016,97409,54.28,Commune,97409,Saint-André,LA REUNION,LA REUNION,249740093.0,249740093.0,CA Intercommunale de la Réunion Est,1970
111,4,La Réunion,974,2,4,404,L' Étang-Salé,13179,194,13373,1970-01-01 00:00:00.000002007,2010,97404,38.43,Commune,97404,L'Étang-Salé,LA REUNION,LA REUNION,,,,1970
112,4,La Réunion,974,3,2,402,Bras-Panon,11028,111,11139,1970-01-01 00:00:00.000002006,2009,97402,87.26,Commune,97402,Bras-Panon,LA REUNION,LA REUNION,,,,1970
113,4,La Réunion,974,4,95,413,Saint-Leu,31837,389,32226,1970-01-01 00:00:00.000002011,2014,97413,118.08,Commune,97413,Saint-Leu,LA REUNION,LA REUNION,,,,1970
114,4,La Réunion,974,4,97,415,Saint-Paul,104332,1512,105844,1970-01-01 00:00:00.000002013,2016,97415,240.51,Commune,97415,Saint-Paul,LA REUNION,LA REUNION,249740101.0,249740101.0,CA Territoire de la Côte Ouest,1970
115,4,La Réunion,974,2,98,416,Saint-Pierre,80823,946,81769,1970-01-01 00:00:00.000002012,2015,97416,96.32,Commune,97416,Saint-Pierre,LA REUNION,LA REUNION,249740077.0,249740077.0,CA CIVIS (Communauté Intercommunale des Villes Solidaires),1970
116,4,La Réunion,974,2,99,422,Le Tampon,76796,986,77782,1970-01-01 00:00:00.000002014,2017,97422,181.02,Commune,97422,Le Tampon,LA REUNION,LA REUNION,249740085.0,249740085.0,CA du Sud,1970
117,4,La Réunion,974,3,8,419,Sainte-Rose,6621,81,6702,1970-01-01 00:00:00.000002015,2018,97419,178.21,Commune,97419,Sainte-Rose,LA REUNION,LA REUNION,249740093.0,249740093.0,CA Intercommunale de la Réunion Est (Cirest),1970
118,4,La Réunion,974,1,4,420,Sainte-Suzanne,23068,207,23275,1970-01-01 00:00:00.000002015,2018,97420,57.83,Commune,97420,Sainte-Suzanne,LA REUNION,LA REUNION,249740119.0,249740119.0,CA Intercommunale du Nord de la Réunion (Cinor),1970
119,4,La Réunion,974,3,90,410,Saint-Benoît,33187,287,33474,1970-01-01 00:00:00.000002006,2009,97410,229.79,Commune,97410,Saint-Benoît,LA REUNION,LA REUNION,,,,1970
120,4,La Réunion,974,1,30,418,Sainte-Marie,30596,381,30977,1970-01-01 00:00:00.000002006,2009,97418,88.65,Commune,97418,,,,,,,1970
121,4,La Réunion,974,1,93,411,Saint-Denis,144238,1538,145776,1970-01-01 00:00:00.000002008,2011,97411,141.5,Commune,97411,Saint-Denis,LA REUNION,LA REUNION,,,,1970
122,4,La Réunion,974,2,94,412,Saint-Joseph,35062,431,35493,1970-01-01 00:00:00.000002008,2011,97412,177.85,Commune,97412,,,,,,,1970
123,4,La Réunion,974,3,92,409,Saint-André,51964,327,52291,1970-01-01 00:00:00.000002007,2010,97409,54.28,Commune,97409,Saint-André,LA REUNION,LA REUNION,,,,1970
124,4,La Réunion,974,1,93,411,Saint-Denis,142442,1440,143882,1970-01-01 00:00:00.000002013,2016,97411,141.5,Commune,97411,Saint-Denis,LA REUNION,LA REUNION,249740119.0,249740119.0,CA Intercommunale du Nord de la Réunion,1970
125,4,La Réunion,974,2,98,416,Saint-Pierre,81415,957,82372,1970-01-01 00:00:00.000002013,2016,97416,96.32,Commune,97416,Saint-Pierre,LA REUNION,LA REUNION,249740077.0,249740077.0,CA CIVIS (Communauté Intercommunale des Villes Solidaires),1970
126,4,La Réunion,974,3,6,421,Salazie,7226,109,7335,1970-01-01 00:00:00.000002013,2016,97421,103.82,Commune,97421,Salazie,LA REUNION,LA REUNION,249740093.0,249740093.0,CA Intercommunale de la Réunion Est,1970
127,4,La Réunion,974,2,3,403,Entre-Deux,6285,94,6379,1970-01-01 00:00:00.000002011,2014,97403,51.37,Commune,97403,Entre-Deux,LA REUNION,LA REUNION,,,,1970
128,4,La Réunion,974,2,96,414,Saint-Louis,52523,548,53071,1970-01-01 00:00:00.000002011,2014,97414,98.85,Commune,97414,Saint-Louis,LA REUNION,LA REUNION,,,,1970
129,4,La Réunion,974,3,31,419,Sainte-Rose,6792,89,6881,1970-01-01 00:00:00.000002011,2014,97419,178.21,Commune,97419,Sainte-Rose,LA REUNION,LA REUNION,,,,1970
130,4,La Réunion,974,4,36,423,Les Trois-Bassins,7121,99,7220,1970-01-01 00:00:00.000002010,2013,97423,42.48,Commune,97423,,,,,,,1970
131,4,La Réunion,974,2,22,405,Petite-Île,11633,90,11723,1970-01-01 00:00:00.000002013,2016,97405,33.83,Commune,97405,Petite-Île,LA REUNION,LA REUNION,249740077.0,249740077.0,CA CIVIS (Communauté Intercommunale des Villes Solidaires),1970
132,4,La Réunion,974,3,92,410,Saint-Benoît,37738,332,38070,1970-01-01 00:00:00.000002014,2017,97410,229.79,Commune,97410,Saint-Benoît,LA REUNION,LA REUNION,249740093.0,249740093.0,CA Intercommunale de la Réunion Est (CIREST),1970
133,4,La Réunion,974,2,96,414,Saint-Louis,52803,647,53450,1970-01-01 00:00:00.000002014,2017,97414,98.85,Commune,97414,Saint-Louis,LA REUNION,LA REUNION,249740077.0,249740077.0,CA CIVIS (Communauté Intercommunale des Villes Solidaires),1970
134,4,La Réunion,974,2,8,417,Saint-Philippe,5101,52,5153,1970-01-01 00:00:00.000002014,2017,97417,154.47,Commune,97417,Saint-Philippe,LA REUNION,LA REUNION,249740085.0,249740085.0,CA du Sud,1970
135,4,La Réunion,974,4,91,407,Le Port,38609,272,38881,1970-01-01 00:00:00.000002009,2012,97407,16.16,Commune,97407,Le Port,LA REUNION,LA REUNION,,,,1970
136,4,La Réunion,974,4,95,413,Saint-Leu,30504,266,30770,1970-01-01 00:00:00.000002009,2012,97413,118.08,Commune,97413,Saint-Leu,LA REUNION,LA REUNION,,,,1970
137,4,La Réunion,974,2,94,412,Saint-Joseph,37069,523,37592,1970-01-01 00:00:00.000002012,2015,97412,177.85,Commune,97412,,,,249740085.0,249740085.0,CA du Sud,1970
138,4,La Réunion,974,4,36,423,Les Trois-Bassins,7339,103,7442,1970-01-01 00:00:00.000002012,2015,97423,42.48,Commune,97423,,,,249740101.0,249740101.0,CA Territoire de la Côte Ouest,1970
139,4,La Réunion,974,2,4,404,L' Étang-Salé,13530,194,13724,1970-01-01 00:00:00.000002011,2014,97404,38.43,Commune,97404,L'Étang-Salé,LA REUNION,LA REUNION,,,,1970
140,4,La Réunion,974,3,6,402,Bras-Panon,12887,142,13029,1970-01-01 00:00:00.000002014,2017,97402,87.26,Commune,97402,Bras-Panon,LA REUNION,LA REUNION,249740093.0,249740093.0,CA Intercommunale de la Réunion Est (CIREST),1970
141,4,La Réunion,974,2,1,401,Les Avirons,11148,202,11350,1970-01-01 00:00:00.000002015,2018,97401,26.23,Commune,97401,Les Avirons,LA REUNION,LA REUNION,249740077.0,249740077.0,CA Civis (Communauté Intercommunale des Villes Solidaires),1970
142,4,La Réunion,974,1,4,420,Sainte-Suzanne,23224,233,23457,1970-01-01 00:00:00.000002016,2019,97420,57.83,Commune,97420,Sainte-Suzanne,LA REUNION,LA REUNION,249740119.0,249740119.0,CA Intercommunale du Nord de la Réunion (Cinor),1970
143,4,La Réunion,974,4,91,407,Le Port,36952,262,37214,1970-01-01 00:00:00.000002012,2015,97407,16.16,Commune,97407,Le Port,LA REUNION,LA REUNION,249740101.0,249740101.0,CA Territoire de la Côte Ouest,1970
144,4,La Réunion,974,1,93,411,Saint-Denis,145238,1525,146763,1970-01-01 00:00:00.000002012,2015,97411,141.5,Commune,97411,Saint-Denis,LA REUNION,LA REUNION,249740119.0,249740119.0,CA Intercommunale du Nord de la Réunion,1970
145,4,La Réunion,974,2,96,414,Saint-Louis,52614,581,53195,1970-01-01 00:00:00.000002012,2015,97414,98.85,Commune,97414,Saint-Louis,LA REUNION,LA REUNION,249740077.0,249740077.0,CA CIVIS (Communauté Intercommunale des Villes Solidaires),1970
146,4,La Réunion,974,2,99,422,Le Tampon,75631,853,76484,1970-01-01 00:00:00.000002012,2015,97422,181.02,Commune,97422,Le Tampon,LA REUNION,LA REUNION,249740085.0,249740085.0,CA du Sud,1970
147,4,La Réunion,974,4,36,423,Les Trois-Bassins,6929,98,7027,1970-01-01 00:00:00.000002007,2010,97423,42.48,Commune,97423,,,,,,,1970
148,4,La Réunion,974,4,95,413,Saint-Leu,28969,309,29278,1970-01-01 00:00:00.000002006,2009,97413,118.08,Commune,97413,Saint-Leu,LA REUNION,LA REUNION,,,,1970
149,4,La Réunion,974,2,22,424,Cilaos,5623,104,5727,1970-01-01 00:00:00.000002011,2014,97424,84.4,Commune,97424,Cilaos,LA REUNION,LA REUNION,,,,1970
150,4,La Réunion,974,1,93,411,Saint-Denis,138314,1549,139863,1970-01-01 00:00:00.000002006,2009,97411,141.5,Commune,97411,Saint-Denis,LA REUNION,LA REUNION,,,,1970
151,4,La Réunion,974,4,95,413,Saint-Leu,29422,291,29713,1970-01-01 00:00:00.000002007,2010,97413,118.08,Commune,97413,Saint-Leu,LA REUNION,LA REUNION,,,,1970
152,4,La Réunion,974,4,97,415,Saint-Paul,101023,1451,102474,1970-01-01 00:00:00.000002007,2010,97415,240.51,Commune,97415,Saint-Paul,LA REUNION,LA REUNION,,,,1970
153,4,La Réunion,974,2,98,416,Saint-Pierre,75265,840,76105,1970-01-01 00:00:00.000002007,2010,97416,96.32,Commune,97416,Saint-Pierre,LA REUNION,LA REUNION,,,,1970
154,4,La Réunion,974,1,32,420,Sainte-Suzanne,21856,152,22008,1970-01-01 00:00:00.000002007,2010,97420,57.83,Commune,97420,Sainte-Suzanne,LA REUNION,LA REUNION,,,,1970
155,4,La Réunion,974,4,2,407,Le Port,35881,298,36179,1970-01-01 00:00:00.000002013,2016,97407,16.16,Commune,97407,Le Port,LA REUNION,LA REUNION,249740101.0,249740101.0,CA Territoire de la Côte Ouest,1970
156,4,La Réunion,974,4,95,413,Saint-Leu,33154,483,33637,1970-01-01 00:00:00.000002013,2016,97413,118.08,Commune,97413,Saint-Leu,LA REUNION,LA REUNION,249740101.0,249740101.0,CA Territoire de la Côte Ouest,1970
157,4,La Réunion,974,3,7,406,La Plaine-des-Palmistes,5950,90,6040,1970-01-01 00:00:00.000002014,2017,97406,83.05,Commune,97406,La Plaine-des-Palmistes,LA REUNION,LA REUNION,249740093.0,249740093.0,CA Intercommunale de la Réunion Est (CIREST),1970
158,4,La Réunion,974,2,1,404,L' Étang-Salé,14330,219,14549,1970-01-01 00:00:00.000002015,2018,97404,38.43,Commune,97404,L'Étang-Salé,LA REUNION,LA REUNION,249740077.0,249740077.0,CA Civis (Communauté Intercommunale des Villes Solidaires),1970
159,4,La Réunion,974,2,3,403,Entre-Deux,6022,82,6104,1970-01-01 00:00:00.000002008,2011,97403,51.37,Commune,97403,Entre-Deux,LA REUNION,LA REUNION,,,,1970
160,4,La Réunion,974,2,96,414,Saint-Louis,50717,464,51181,1970-01-01 00:00:00.000002008,2011,97414,98.85,Commune,97414,Saint-Louis,LA REUNION,LA REUNION,,,,1970
161,4,La Réunion,974,3,90,410,Saint-Benoît,35063,189,35252,1970-01-01 00:00:00.000002010,2013,97410,229.79,Commune,97410,Saint-Benoît,LA REUNION,LA REUNION,,,,1970
162,4,La Réunion,974,2,3,403,Entre-Deux,5868,81,5949,1970-01-01 00:00:00.000002007,2010,97403,51.37,Commune,97403,Entre-Deux,LA REUNION,LA REUNION,,,,1970
163,4,La Réunion,974,4,91,407,Le Port,38148,328,38476,1970-01-01 00:00:00.000002006,2009,97407,16.16,Commune,97407,Le Port,LA REUNION,LA REUNION,,,,1970
164,4,La Réunion,974,1,32,420,Sainte-Suzanne,21714,142,21856,1970-01-01 00:00:00.000002006,2009,97420,57.83,Commune,97420,Sainte-Suzanne,LA REUNION,LA REUNION,,,,1970
165,4,La Réunion,974,3,92,409,Saint-André,55090,368,55458,1970-01-01 00:00:00.000002011,2014,97409,54.28,Commune,97409,Saint-André,LA REUNION,LA REUNION,,,,1970
166,4,La Réunion,974,3,91,409,Saint-André,55900,420,56320,1970-01-01 00:00:00.000002014,2017,97409,54.28,Commune,97409,Saint-André,LA REUNION,LA REUNION,249740093.0,249740093.0,CA Intercommunale de la Réunion Est (CIREST),1970
167,4,La Réunion,974,4,95,413,Saint-Leu,33575,524,34099,1970-01-01 00:00:00.000002014,2017,97413,118.08,Commune,97413,Saint-Leu,LA REUNION,LA REUNION,249740101.0,249740101.0,CA Territoire de la Côte Ouest (TCO),1970
168,4,La Réunion,974,4,97,415,Saint-Paul,104634,1470,106104,1970-01-01 00:00:00.000002014,2017,97415,240.51,Commune,97415,Saint-Paul,LA REUNION,LA REUNION,249740101.0,249740101.0,CA Territoire de la Côte Ouest (TCO),1970
169,4,La Réunion,974,2,16,403,Entre-Deux,6781,67,6848,1970-01-01 00:00:00.000002015,2018,97403,51.37,Commune,97403,Entre-Deux,LA REUNION,LA REUNION,249740085.0,249740085.0,CA du Sud,1970
170,4,La Réunion,974,2,8,417,Saint-Philippe,5235,53,5288,1970-01-01 00:00:00.000002016,2019,97417,154.47,Commune,97417,Saint-Philippe,LA REUNION,LA REUNION,249740085.0,249740085.0,CA du Sud,1970
171,4,La Réunion,974,2,99,422,Le Tampon,77283,1083,78366,1970-01-01 00:00:00.000002016,2019,97422,181.02,Commune,97422,Le Tampon,LA REUNION,LA REUNION,249740085.0,249740085.0,CA du Sud,1970
172,4,La Réunion,974,1,30,418,Sainte-Marie,31143,401,31544,1970-01-01 00:00:00.000002007,2010,97418,88.65,Commune,97418,,,,,,,1970
173,4,La Réunion,974,2,1,401,Les Avirons,11203,179,11382,1970-01-01 00:00:00.000002013,2016,97401,26.23,Commune,97401,Les Avirons,LA REUNION,LA REUNION,249740077.0,249740077.0,CA CIVIS (Communauté Intercommunale des Villes Solidaires),1970
174,4,La Réunion,974,2,22,424,Cilaos,5807,101,5908,1970-01-01 00:00:00.000002010,2013,97424,84.4,Commune,97424,Cilaos,LA REUNION,LA REUNION,,,,1970
175,4,La Réunion,974,3,6,406,La Plaine-des-Palmistes,5213,84,5297,1970-01-01 00:00:00.000002010,2013,97406,83.05,Commune,97406,La Plaine-des-Palmistes,LA REUNION,LA REUNION,,,,1970
176,4,La Réunion,974,3,31,419,Sainte-Rose,6806,89,6895,1970-01-01 00:00:00.000002010,2013,97419,178.21,Commune,97419,Sainte-Rose,LA REUNION,LA REUNION,,,,1970
177,4,La Réunion,974,2,26,417,Saint-Philippe,5072,57,5129,1970-01-01 00:00:00.000002012,2015,97417,154.47,Commune,97417,Saint-Philippe,LA REUNION,LA REUNION,249740085.0,249740085.0,CA du Sud,1970
178,4,La Réunion,974,3,31,419,Sainte-Rose,6777,85,6862,1970-01-01 00:00:00.000002012,2015,97419,178.21,Commune,97419,Sainte-Rose,LA REUNION,LA REUNION,249740093.0,249740093.0,CA Intercommunale de la Réunion Est,1970
179,4,La Réunion,974,3,6,406,La Plaine-des-Palmistes,5354,84,5438,1970-01-01 00:00:00.000002011,2014,97406,83.05,Commune,97406,La Plaine-des-Palmistes,LA REUNION,LA REUNION,,,,1970
180,4,La Réunion,974,4,8,408,La Possession,30911,390,31301,1970-01-01 00:00:00.000002011,2014,97408,118.76,Commune,97408,,,,,,,1970
181,4,La Réunion,974,4,36,423,Les Trois-Bassins,7226,101,7327,1970-01-01 00:00:00.000002011,2014,97423,42.48,Commune,97423,,,,,,,1970
182,4,La Réunion,974,4,3,408,La Possession,32973,364,33337,1970-01-01 00:00:00.000002016,2019,97408,118.76,Commune,97408,,,,249740101.0,249740101.0,CA Territoire de la Côte Ouest (Tco),1970
183,4,La Réunion,974,2,5,405,Petite-Île,11282,138,11420,1970-01-01 00:00:00.000002006,2009,97405,33.83,Commune,97405,Petite-Île,LA REUNION,LA REUNION,,,,1970
184,4,La Réunion,974,4,2,407,Le Port,35653,310,35963,1970-01-01 00:00:00.000002014,2017,97407,16.16,Commune,97407,Le Port,LA REUNION,LA REUNION,249740101.0,249740101.0,CA Territoire de la Côte Ouest (TCO),1970
185,4,La Réunion,974,4,14,423,Les Trois-Bassins,7111,96,7207,1970-01-01 00:00:00.000002016,2019,97423,42.48,Commune,97423,,,,249740101.0,249740101.0,CA Territoire de la Côte Ouest (Tco),1970
186,4,La Réunion,974,2,1,401,Les Avirons,10705,129,10834,1970-01-01 00:00:00.000002011,2014,97401,26.23,Commune,97401,Les Avirons,LA REUNION,LA REUNION,,,,1970
187,4,La Réunion,974,2,99,422,Le Tampon,74998,796,75794,1970-01-01 00:00:00.000002011,2014,97422,181.02,Commune,97422,Le Tampon,LA REUNION,LA REUNION,,,,1970
188,4,La Réunion,974,3,6,406,La Plaine-des-Palmistes,5072,78,5150,1970-01-01 00:00:00.000002009,2012,97406,83.05,Commune,97406,La Plaine-des-Palmistes,LA REUNION,LA REUNION,,,,1970
189,4,La Réunion,974,2,98,416,Saint-Pierre,79228,799,80027,1970-01-01 00:00:00.000002010,2013,97416,96.32,Commune,97416,Saint-Pierre,LA REUNION,LA REUNION,,,,1970
190,4,La Réunion,974,1,93,411,Saint-Denis,146985,1530,148515,1970-01-01 00:00:00.000002015,2018,97411,141.5,Commune,97411,Saint-Denis,LA REUNION,LA REUNION,249740119.0,249740119.0,CA Intercommunale du Nord de la Réunion (Cinor),1970
191,4,La Réunion,974,3,92,409,Saint-André,51817,330,52147,1970-01-01 00:00:00.000002006,2009,97409,54.28,Commune,97409,Saint-André,LA REUNION,LA REUNION,,,,1970
192,4,La Réunion,974,4,97,415,Saint-Paul,99291,1527,100818,1970-01-01 00:00:00.000002006,2009,97415,240.51,Commune,97415,Saint-Paul,LA REUNION,LA REUNION,,,,1970
193,4,La Réunion,974,3,6,406,La Plaine-des-Palmistes,5574,87,5661,1970-01-01 00:00:00.000002012,2015,97406,83.05,Commune,97406,La Plaine-des-Palmistes,LA REUNION,LA REUNION,249740093.0,249740093.0,CA Intercommunale de la Réunion Est,1970
194,4,La Réunion,974,4,8,408,La Possession,26242,383,26625,1970-01-01 00:00:00.000002006,2009,97408,118.76,Commune,97408,,,,,,,1970
195,4,La Réunion,974,2,94,412,Saint-Joseph,35846,475,36321,1970-01-01 00:00:00.000002009,2012,97412,177.85,Commune,97412,,,,,,,1970
196,4,La Réunion,974,4,36,423,Les Trois-Bassins,7057,100,7157,1970-01-01 00:00:00.000002009,2012,97423,42.48,Commune,97423,,,,,,,1970
197,4,La Réunion,974,3,33,421,Salazie,7320,108,7428,1970-01-01 00:00:00.000002012,2015,97421,103.82,Commune,97421,Salazie,LA REUNION,LA REUNION,249740093.0,249740093.0,CA Intercommunale de la Réunion Est,1970
198,4,La Réunion,974,2,16,424,Cilaos,5386,104,5490,1970-01-01 00:00:00.000002013,2016,97424,84.4,Commune,97424,Cilaos,LA REUNION,LA REUNION,249740077.0,249740077.0,CA CIVIS (Communauté Intercommunale des Villes Solidaires),1970
199,4,La Réunion,974,1,93,411,Saint-Denis,144642,1462,146104,1970-01-01 00:00:00.000002014,2017,97411,141.5,Commune,97411,Saint-Denis,LA REUNION,LA REUNION,249740119.0,249740119.0,CA Intercommunale du Nord de la Réunion (CINOR),1970
200,4,La Réunion,974,1,23,418,Sainte-Marie,33042,414,33456,1970-01-01 00:00:00.000002014,2017,97418,88.65,Commune,97418,,,,249740119.0,249740119.0,CA Intercommunale du Nord de la Réunion (CINOR),1970
201,4,La Réunion,974,3,8,419,Sainte-Rose,6722,82,6804,1970-01-01 00:00:00.000002014,2017,97419,178.21,Commune,97419,Sainte-Rose,LA REUNION,LA REUNION,249740093.0,249740093.0,CA Intercommunale de la Réunion Est (CIREST),1970
202,4,La Réunion,974,2,96,414,Saint-Louis,53524,650,54174,1970-01-01 00:00:00.000002015,2018,97414,98.85,Commune,97414,Saint-Louis,LA REUNION,LA REUNION,249740077.0,249740077.0,CA Civis (Communauté Intercommunale des Villes Solidaires),1970
203,4,La Réunion,974,2,5,405,Petite-Île,11566,105,11671,1970-01-01 00:00:00.000002010,2013,97405,33.83,Commune,97405,Petite-Île,LA REUNION,LA REUNION,,,,1970
204,4,La Réunion,974,2,22,405,Petite-Île,12236,121,12357,1970-01-01 00:00:00.000002016,2019,97405,33.83,Commune,97405,Petite-Île,LA REUNION,LA REUNION,249740077.0,249740077.0,CA Civis (Communauté Intercommunale des Villes Solidaires),1970
205,4,La Réunion,974,2,99,422,Le Tampon,76310,1029,77339,1970-01-01 00:00:00.000002015,2018,97422,181.02,Commune,97422,Le Tampon,LA REUNION,LA REUNION,249740085.0,249740085.0,CA du Sud,1970
206,4,La Réunion,974,3,92,409,Saint-André,53955,356,54311,1970-01-01 00:00:00.000002010,2013,97409,54.28,Commune,97409,Saint-André,LA REUNION,LA REUNION,,,,1970
207,4,La Réunion,974,4,3,408,La Possession,31439,353,31792,1970-01-01 00:00:00.000002013,2016,97408,118.76,Commune,97408,,,,249740101.0,249740101.0,CA Territoire de la Côte Ouest,1970
208,4,La Réunion,974,2,1,401,Les Avirons,11315,189,11504,1970-01-01 00:00:00.000002014,2017,97401,26.23,Commune,97401,Les Avirons,LA REUNION,LA REUNION,249740077.0,249740077.0,CA CIVIS (Communauté Intercommunale des Villes Solidaires),1970
209,4,La Réunion,974,4,97,415,Saint-Paul,103008,1376,104384,1970-01-01 00:00:00.000002008,2011,97415,240.51,Commune,97415,Saint-Paul,LA REUNION,LA REUNION,,,,1970
210,4,La Réunion,974,3,2,402,Bras-Panon,11216,108,11324,1970-01-01 00:00:00.000002007,2010,97402,87.26,Commune,97402,Bras-Panon,LA REUNION,LA REUNION,,,,1970
211,4,La Réunion,974,2,94,412,Saint-Joseph,34602,440,35042,1970-01-01 00:00:00.000002007,2010,97412,177.85,Commune,97412,,,,,,,1970
212,4,La Réunion,974,4,8,408,La Possession,30653,409,31062,1970-01-01 00:00:00.000002012,2015,97408,118.76,Commune,97408,,,,249740101.0,249740101.0,CA Territoire de la Côte Ouest,1970
213,4,La Réunion,974,3,6,421,Salazie,7400,110,7510,1970-01-01 00:00:00.000002016,2019,97421,103.82,Commune,97421,Salazie,LA REUNION,LA REUNION,249740093.0,249740093.0,CA Intercommunale de la Réunion Est (Cirest),1970
214,4,La Réunion,974,2,99,422,Le Tampon,69849,1078,70927,1970-01-01 00:00:00.000002006,2009,97422,181.02,Commune,97422,Le Tampon,LA REUNION,LA REUNION,,,,1970
215,4,La Réunion,974,2,98,416,Saint-Pierre,77146,747,77893,1970-01-01 00:00:00.000002009,2012,97416,96.32,Commune,97416,Saint-Pierre,LA REUNION,LA REUNION,,,,1970
216,4,La Réunion,974,4,14,423,Les Trois-Bassins,7127,94,7221,1970-01-01 00:00:00.000002015,2018,97423,42.48,Commune,97423,,,,249740101.0,249740101.0,CA Territoire de la Côte Ouest (Tco),1970
217,4,La Réunion,974,2,16,424,Cilaos,5295,106,5401,1970-01-01 00:00:00.000002014,2017,97424,84.4,Commune,97424,Cilaos,LA REUNION,LA REUNION,249740077.0,249740077.0,CA CIVIS (Communauté Intercommunale des Villes Solidaires),1970
218,4,La Réunion,974,2,98,416,Saint-Pierre,81583,969,82552,1970-01-01 00:00:00.000002014,2017,97416,96.32,Commune,97416,Saint-Pierre,LA REUNION,LA REUNION,249740077.0,249740077.0,CA CIVIS (Communauté Intercommunale des Villes Solidaires),1970
219,4,La Réunion,974,3,6,421,Salazie,7132,105,7237,1970-01-01 00:00:00.000002014,2017,97421,103.82,Commune,97421,Salazie,LA REUNION,LA REUNION,249740093.0,249740093.0,CA Intercommunale de la Réunion Est (CIREST),1970
220,4,La Réunion,974,2,3,403,Entre-Deux,5713,78,5791,1970-01-01 00:00:00.000002006,2009,97403,51.37,Commune,97403,Entre-Deux,LA REUNION,LA REUNION,,,,1970
221,4,La Réunion,974,2,1,401,Les Avirons,10336,167,10503,1970-01-01 00:00:00.000002008,2011,97401,26.23,Commune,97401,Les Avirons,LA REUNION,LA REUNION,,,,1970
222,4,La Réunion,974,2,94,412,Saint-Joseph,37629,538,38167,1970-01-01 00:00:00.000002016,2019,97412,177.85,Commune,97412,,,,249740085.0,249740085.0,CA du Sud,1970
223,4,La Réunion,974,1,23,418,Sainte-Marie,33160,427,33587,1970-01-01 00:00:00.000002016,2019,97418,88.65,Commune,97418,,,,249740119.0,249740119.0,CA Intercommunale du Nord de la Réunion (Cinor),1970
224,4,La Réunion,974,2,4,404,L' Étang-Salé,13467,192,13659,1970-01-01 00:00:00.000002010,2013,97404,38.43,Commune,97404,L'Étang-Salé,LA REUNION,LA REUNION,,,,1970
225,4,La Réunion,974,4,95,413,Saint-Leu,30966,332,31298,1970-01-01 00:00:00.000002010,2013,97413,118.08,Commune,97413,Saint-Leu,LA REUNION,LA REUNION,,,,1970
226,4,La Réunion,974,2,94,412,Saint-Joseph,36401,468,36869,1970-01-01 00:00:00.000002011,2014,97412,177.85,Commune,97412,,,,,,,1970
227,4,La Réunion,974,2,1,401,Les Avirons,11181,178,11359,1970-01-01 00:00:00.000002012,2015,97401,26.23,Commune,97401,Les Avirons,LA REUNION,LA REUNION,249740077.0,249740077.0,CA CIVIS (Communauté Intercommunale des Villes Solidaires),1970
228,4,La Réunion,974,4,3,408,La Possession,32261,347,32608,1970-01-01 00:00:00.000002014,2017,97408,118.76,Commune,97408,,,,249740101.0,249740101.0,CA Territoire de la Côte Ouest (TCO),1970
229,4,La Réunion,974,1,4,420,Sainte-Suzanne,22406,214,22620,1970-01-01 00:00:00.000002014,2017,97420,57.83,Commune,97420,Sainte-Suzanne,LA REUNION,LA REUNION,249740119.0,249740119.0,CA Intercommunale du Nord de la Réunion (CINOR),1970
230,4,La Réunion,974,2,96,414,Saint-Louis,49455,503,49958,1970-01-01 00:00:00.000002006,2009,97414,98.85,Commune,97414,Saint-Louis,LA REUNION,LA REUNION,,,,1970
231,4,La Réunion,974,3,2,402,Bras-Panon,11404,107,11511,1970-01-01 00:00:00.000002008,2011,97402,87.26,Commune,97402,Bras-Panon,LA REUNION,LA REUNION,,,,1970
232,4,La Réunion,974,2,5,405,Petite-Île,11692,121,11813,1970-01-01 00:00:00.000002008,2011,97405,33.83,Commune,97405,Petite-Île,LA REUNION,LA REUNION,,,,1970
233,4,La Réunion,974,2,98,416,Saint-Pierre,76247,784,77031,1970-01-01 00:00:00.000002008,2011,97416,96.32,Commune,97416,Saint-Pierre,LA REUNION,LA REUNION,,,,1970
234,4,La Réunion,974,4,8,408,La Possession,30167,427,30594,1970-01-01 00:00:00.000002009,2012,97408,118.76,Commune,97408,,,,,,,1970
235,4,La Réunion,974,3,92,409,Saint-André,52939,364,53303,1970-01-01 00:00:00.000002009,2012,97409,54.28,Commune,97409,Saint-André,LA REUNION,LA REUNION,,,,1970
236,4,La Réunion,974,1,93,411,Saint-Denis,145022,1467,146489,1970-01-01 00:00:00.000002010,2013,97411,141.5,Commune,97411,Saint-Denis,LA REUNION,LA REUNION,,,,1970
237,4,La Réunion,974,4,95,413,Saint-Leu,29925,282,30207,1970-01-01 00:00:00.000002008,2011,97413,118.08,Commune,97413,Saint-Leu,LA REUNION,LA REUNION,,,,1970
238,4,La Réunion,974,1,32,420,Sainte-Suzanne,22411,190,22601,1970-01-01 00:00:00.000002008,2011,97420,57.83,Commune,97420,Sainte-Suzanne,LA REUNION,LA REUNION,,,,1970
239,4,La Réunion,974,3,31,419,Sainte-Rose,6822,74,6896,1970-01-01 00:00:00.000002009,2012,97419,178.21,Commune,97419,Sainte-Rose,LA REUNION,LA REUNION,,,,1970
240,4,La Réunion,974,1,32,420,Sainte-Suzanne,22437,173,22610,1970-01-01 00:00:00.000002009,2012,97420,57.83,Commune,97420,Sainte-Suzanne,LA REUNION,LA REUNION,,,,1970
241,4,La Réunion,974,3,33,421,Salazie,7406,76,7482,1970-01-01 00:00:00.000002009,2012,97421,103.82,Commune,97421,Salazie,LA REUNION,LA REUNION,,,,1970
242,4,La Réunion,974,2,26,417,Saint-Philippe,5086,56,5142,1970-01-01 00:00:00.000002010,2013,97417,154.47,Commune,97417,Saint-Philippe,LA REUNION,LA REUNION,,,,1970
243,4,La Réunion,974,2,98,416,Saint-Pierre,84063,948,85011,1970-01-01 00:00:00.000002015,2018,97416,96.32,Commune,97416,Saint-Pierre,LA REUNION,LA REUNION,249740077.0,249740077.0,CA Civis (Communauté Intercommunale des Villes Solidaires),1970
244,4,La Réunion,974,1,23,418,Sainte-Marie,32605,394,32999,1970-01-01 00:00:00.000002013,2016,97418,88.65,Commune,97418,,,,249740119.0,249740119.0,CA Intercommunale du Nord de la Réunion,1970
245,4,La Réunion,974,2,1,404,L' Étang-Salé,14230,217,14447,1970-01-01 00:00:00.000002016,2019,97404,38.43,Commune,97404,L'Étang-Salé,LA REUNION,LA REUNION,249740077.0,249740077.0,CA Civis (Communauté Intercommunale des Villes Solidaires),1970
246,4,La Réunion,974,2,98,416,Saint-Pierre,84169,890,85059,1970-01-01 00:00:00.000002016,2019,97416,96.32,Commune,97416,Saint-Pierre,LA REUNION,LA REUNION,249740077.0,249740077.0,CA Civis (Communauté Intercommunale des Villes Solidaires),1970
247,4,La Réunion,974,3,2,402,Bras-Panon,11699,112,11811,1970-01-01 00:00:00.000002009,2012,97402,87.26,Commune,97402,Bras-Panon,LA REUNION,LA REUNION,,,,1970
248,4,La Réunion,974,3,33,421,Salazie,7510,80,7590,1970-01-01 00:00:00.000002010,2013,97421,103.82,Commune,97421,Salazie,LA REUNION,LA REUNION,,,,1970
249,4,La Réunion,974,2,1,404,L' Étang-Salé,13581,203,13784,1970-01-01 00:00:00.000002013,2016,97404,38.43,Commune,97404,L'Étang-Salé,LA REUNION,LA REUNION,249740077.0,249740077.0,CA CIVIS (Communauté Intercommunale des Villes Solidaires),1970
250,4,La Réunion,974,2,96,414,Saint-Louis,52656,592,53248,1970-01-01 00:00:00.000002013,2016,97414,98.85,Commune,97414,Saint-Louis,LA REUNION,LA REUNION,249740077.0,249740077.0,CA CIVIS (Communauté Intercommunale des Villes Solidaires),1970
251,4,La Réunion,974,2,94,412,Saint-Joseph,37362,555,37917,1970-01-01 00:00:00.000002014,2017,97412,177.85,Commune,97412,,,,249740085.0,249740085.0,CA du Sud,1970
252,4,La Réunion,974,3,31,419,Sainte-Rose,6664,65,6729,1970-01-01 00:00:00.000002006,2009,97419,178.21,Commune,97419,Sainte-Rose,LA REUNION,LA REUNION,,,,1970
253,4,La Réunion,974,4,8,408,La Possession,30373,411,30784,1970-01-01 00:00:00.000002010,2013,97408,118.76,Commune,97408,,,,,,,1970
254,4,La Réunion,974,1,32,420,Sainte-Suzanne,22421,206,22627,1970-01-01 00:00:00.000002010,2013,97420,57.83,Commune,97420,Sainte-Suzanne,LA REUNION,LA REUNION,,,,1970
255,4,La Réunion,974,4,95,413,Saint-Leu,33701,493,34194,1970-01-01 00:00:00.000002015,2018,97413,118.08,Commune,97413,Saint-Leu,LA REUNION,LA REUNION,249740101.0,249740101.0,CA Territoire de la Côte Ouest (Tco),1970
256,4,La Réunion,974,4,14,423,Les Trois-Bassins,7198,96,7294,1970-01-01 00:00:00.000002014,2017,97423,42.48,Commune,97423,,,,249740101.0,249740101.0,CA Territoire de la Côte Ouest (TCO),1970
257,4,La Réunion,974,2,16,403,Entre-Deux,6894,68,6962,1970-01-01 00:00:00.000002016,2019,97403,51.37,Commune,97403,Entre-Deux,LA REUNION,LA REUNION,249740085.0,249740085.0,CA du Sud,1970
258,4,La Réunion,974,4,97,415,Saint-Paul,105482,1438,106920,1970-01-01 00:00:00.000002016,2019,97415,240.51,Commune,97415,Saint-Paul,LA REUNION,LA REUNION,249740101.0,249740101.0,CA Territoire de la Côte Ouest (Tco),1970
259,4,La Réunion,974,3,90,410,Saint-Benoît,33485,244,33729,1970-01-01 00:00:00.000002007,2010,97410,229.79,Commune,97410,Saint-Benoît,LA REUNION,LA REUNION,,,,1970
260,4,La Réunion,974,3,33,421,Salazie,7181,71,7252,1970-01-01 00:00:00.000002007,2010,97421,103.82,Commune,97421,Salazie,LA REUNION,LA REUNION,,,,1970
261,4,La Réunion,974,2,99,422,Le Tampon,70539,967,71506,1970-01-01 00:00:00.000002007,2010,97422,181.02,Commune,97422,Le Tampon,LA REUNION,LA REUNION,,,,1970
262,4,La Réunion,974,3,90,410,Saint-Benoît,33802,219,34021,1970-01-01 00:00:00.000002008,2011,97410,229.79,Commune,97410,Saint-Benoît,LA REUNION,LA REUNION,,,,1970
263,4,La Réunion,974,2,22,424,Cilaos,5989,99,6088,1970-01-01 00:00:00.000002009,2012,97424,84.4,Commune,97424,Cilaos,LA REUNION,LA REUNION,,,,1970
